Product Name,Region,Ship Mode,Current Factory,Orders,Units,Sales,Gross_Profit,Cost,Current Lead Time,Scenario Factory,Is_Current,Scenario Lead Time,Profit_Margin,Lead Time Reduction,Lead Time Reduction %,Speed_Score,Profit_Safety_Score,Speed_Normalized,Profit_Normalized,Optimization Score,Confidence_Score,Scenario Confidence,Risk
Everlasting Gobstopper,Gulf,Standard Class,Secret Factory,1,4,40.0,32.0,8.0,5.0,Secret Factory,False,4.0,0.768,1.0,20.0,1.0,0.9411764705882353,1.0,0.9411764705882353,0.9705882352941176,0.9705882352941176,High,Low
Everlasting Gobstopper,Interior,Standard Class,Secret Factory,1,3,30.0,24.0,6.0,5.0,Secret Factory,False,4.0,0.768,1.0,20.0,1.0,0.9411764705882353,1.0,0.9411764705882353,0.9705882352941176,0.9705882352941176,High,Low
Everlasting Gobstopper,Pacific,First Class,Secret Factory,1,6,60.0,48.0,12.0,2.0,Secret Factory,False,1.6,0.768,0.3999999999999999,19.999999999999996,0.9999999999999998,0.9411764705882353,0.9999999999999998,0.9411764705882353,0.9705882352941175,0.9705882352941175,High,Low
Fizzy Lifting Drinks,Atlantic,First Class,Secret Factory,1,4,15.0,9.0,6.0,2.0,Secret Factory,False,1.6,0.576,0.3999999999999999,19.999999999999996,0.9999999999999998,0.7058823529411764,0.9999999999999998,0.7058823529411764,0.8529411764705881,0.8529411764705881,High,Low
Fizzy Lifting Drinks,Atlantic,Standard Class,Secret Factory,1,5,18.75,11.25,7.5,5.0,Secret Factory,False,4.0,0.576,1.0,20.0,1.0,0.7058823529411764,1.0,0.7058823529411764,0.8529411764705882,0.8529411764705882,High,Low
Fizzy Lifting Drinks,Gulf,Standard Class,Secret Factory,1,4,15.0,9.0,6.0,5.0,Secret Factory,False,4.0,0.576,1.0,20.0,1.0,0.7058823529411764,1.0,0.7058823529411764,0.8529411764705882,0.8529411764705882,High,Low
Fizzy Lifting Drinks,Interior,First Class,Secret Factory,1,2,7.5,4.5,3.0,2.0,Secret Factory,False,1.6,0.576,0.3999999999999999,19.999999999999996,0.9999999999999998,0.7058823529411764,0.9999999999999998,0.7058823529411764,0.8529411764705881,0.8529411764705881,High,Low
Fizzy Lifting Drinks,Interior,Standard Class,Secret Factory,1,3,11.25,6.75,4.5,5.0,Secret Factory,False,4.0,0.576,1.0,20.0,1.0,0.7058823529411764,1.0,0.7058823529411764,0.8529411764705882,0.8529411764705882,High,Low
Fizzy Lifting Drinks,Pacific,Standard Class,Secret Factory,1,3,11.25,6.75,4.5,5.0,Secret Factory,False,4.0,0.576,1.0,20.0,1.0,0.7058823529411764,1.0,0.7058823529411764,0.8529411764705882,0.8529411764705882,High,Low
Fun Dip,Atlantic,Standard Class,Secret Factory,1,4,6.0,2.4,3.6,5.0,Secret Factory,False,4.0,0.38399999999999995,1.0,20.0,1.0,0.47058823529411753,1.0,0.47058823529411753,0.7352941176470588,0.7352941176470588,Medium,Medium
Fun Dip,Gulf,Second Class,Secret Factory,1,1,1.5,0.6,0.9,3.0,Secret Factory,False,2.4000000000000004,0.38399999999999995,0.5999999999999996,19.999999999999986,0.9999999999999993,0.47058823529411753,0.9999999999999993,0.47058823529411753,0.7352941176470584,0.7352941176470584,Medium,Medium
Fun Dip,Interior,Second Class,Secret Factory,1,3,4.5,1.8,2.7,3.0,Secret Factory,False,2.4000000000000004,0.384,0.5999999999999996,19.999999999999986,0.9999999999999993,0.47058823529411764,0.9999999999999993,0.47058823529411764,0.7352941176470584,0.7352941176470584,Medium,Medium
Hair Toffee,Atlantic,Standard Class,Secret Factory,1,5,22.5,17.5,5.0,5.0,Secret Factory,False,4.0,0.7466666666666667,1.0,20.0,1.0,0.9150326797385621,1.0,0.9150326797385621,0.957516339869281,0.957516339869281,High,Low
Hair Toffee,Gulf,Same Day,Secret Factory,1,2,9.0,7.0,2.0,1.0,Secret Factory,False,0.8,0.7466666666666667,0.19999999999999996,19.999999999999996,0.9999999999999998,0.9150326797385621,0.9999999999999998,0.9150326797385621,0.957516339869281,0.957516339869281,High,Low
Hair Toffee,Pacific,First Class,Secret Factory,1,5,22.5,17.5,5.0,2.0,Secret Factory,False,1.6,0.7466666666666667,0.3999999999999999,19.999999999999996,0.9999999999999998,0.9150326797385621,0.9999999999999998,0.9150326797385621,0.957516339869281,0.957516339869281,High,Low
Hair Toffee,Pacific,Standard Class,Secret Factory,1,5,22.5,17.5,5.0,5.0,Secret Factory,False,4.0,0.7466666666666667,1.0,20.0,1.0,0.9150326797385621,1.0,0.9150326797385621,0.957516339869281,0.957516339869281,High,Low
Kazookles,Atlantic,First Class,Secret Factory,5,24,78.0,6.0,72.0,2.0,Secret Factory,False,1.6,0.07384615384615385,0.3999999999999999,19.999999999999996,0.9999999999999998,0.09049773755656108,0.9999999999999998,0.09049773755656108,0.5452488687782804,0.5452488687782804,Medium,Medium
Kazookles,Atlantic,Same Day,Secret Factory,2,6,19.5,1.5,18.0,1.0,Secret Factory,False,0.8,0.07384615384615385,0.19999999999999996,19.999999999999996,0.9999999999999998,0.09049773755656108,0.9999999999999998,0.09049773755656108,0.5452488687782804,0.5452488687782804,Medium,Medium
Kazookles,Atlantic,Second Class,Secret Factory,8,34,110.5,8.5,102.0,3.0,Secret Factory,False,2.4000000000000004,0.07384615384615385,0.5999999999999996,19.999999999999986,0.9999999999999993,0.09049773755656108,0.9999999999999993,0.09049773755656108,0.5452488687782802,0.5452488687782802,Medium,Medium
Kazookles,Atlantic,Standard Class,Secret Factory,21,85,276.25,21.25,255.0,5.0,Secret Factory,False,4.0,0.07384615384615385,1.0,20.0,1.0,0.09049773755656108,1.0,0.09049773755656108,0.5452488687782805,0.5452488687782805,Medium,Medium
Kazookles,Gulf,First Class,Secret Factory,4,13,42.25,3.25,39.0,2.0,Secret Factory,False,1.6,0.07384615384615385,0.3999999999999999,19.999999999999996,0.9999999999999998,0.09049773755656108,0.9999999999999998,0.09049773755656108,0.5452488687782804,0.5452488687782804,Medium,Medium
Kazookles,Gulf,Same Day,Secret Factory,2,9,29.25,2.25,27.0,1.0,Secret Factory,False,0.8,0.07384615384615385,0.19999999999999996,19.999999999999996,0.9999999999999998,0.09049773755656108,0.9999999999999998,0.09049773755656108,0.5452488687782804,0.5452488687782804,Medium,Medium
Kazookles,Gulf,Second Class,Secret Factory,3,8,26.0,2.0,24.0,3.0,Secret Factory,False,2.4000000000000004,0.07384615384615385,0.5999999999999996,19.999999999999986,0.9999999999999993,0.09049773755656108,0.9999999999999993,0.09049773755656108,0.5452488687782802,0.5452488687782802,Medium,Medium
Kazookles,Gulf,Standard Class,Secret Factory,9,48,156.0,12.0,144.0,5.0,Secret Factory,False,4.0,0.07384615384615385,1.0,20.0,1.0,0.09049773755656108,1.0,0.09049773755656108,0.5452488687782805,0.5452488687782805,Medium,Medium
Kazookles,Interior,First Class,Secret Factory,2,7,22.75,1.75,21.0,2.0,Secret Factory,False,1.6,0.07384615384615385,0.3999999999999999,19.999999999999996,0.9999999999999998,0.09049773755656108,0.9999999999999998,0.09049773755656108,0.5452488687782804,0.5452488687782804,Medium,Medium
Kazookles,Interior,Second Class,Secret Factory,2,6,19.5,1.5,18.0,3.0,Secret Factory,False,2.4000000000000004,0.07384615384615385,0.5999999999999996,19.999999999999986,0.9999999999999993,0.09049773755656108,0.9999999999999993,0.09049773755656108,0.5452488687782802,0.5452488687782802,Medium,Medium
Kazookles,Interior,Standard Class,Secret Factory,7,26,84.5,6.5,78.0,5.0,Secret Factory,False,4.0,0.07384615384615385,1.0,20.0,1.0,0.09049773755656108,1.0,0.09049773755656108,0.5452488687782805,0.5452488687782805,Medium,Medium
Kazookles,Pacific,First Class,Secret Factory,5,15,48.75,3.75,45.0,2.0,Secret Factory,False,1.6,0.07384615384615385,0.3999999999999999,19.999999999999996,0.9999999999999998,0.09049773755656108,0.9999999999999998,0.09049773755656108,0.5452488687782804,0.5452488687782804,Medium,Medium
Kazookles,Pacific,Same Day,Secret Factory,2,7,22.75,1.75,21.0,1.0,Secret Factory,False,0.8,0.07384615384615385,0.19999999999999996,19.999999999999996,0.9999999999999998,0.09049773755656108,0.9999999999999998,0.09049773755656108,0.5452488687782804,0.5452488687782804,Medium,Medium
Kazookles,Pacific,Second Class,Secret Factory,8,30,97.5,7.5,90.0,3.0,Secret Factory,False,2.4000000000000004,0.07384615384615385,0.5999999999999996,19.999999999999986,0.9999999999999993,0.09049773755656108,0.9999999999999993,0.09049773755656108,0.5452488687782802,0.5452488687782802,Medium,Medium
Kazookles,Pacific,Standard Class,Secret Factory,14,53,172.25,13.25,159.0,5.0,Secret Factory,False,4.0,0.07384615384615385,1.0,20.0,1.0,0.09049773755656108,1.0,0.09049773755656108,0.5452488687782805,0.5452488687782805,Medium,Medium
Laffy Taffy,Atlantic,First Class,Secret Factory,1,1,1.99,1.24,0.75,2.0,Secret Factory,False,1.6,0.5981909547738694,0.3999999999999999,19.999999999999996,0.9999999999999998,0.7330771504581732,0.9999999999999998,0.7330771504581732,0.8665385752290865,0.8665385752290865,High,Low
Laffy Taffy,Atlantic,Same Day,Secret Factory,1,4,7.96,4.96,3.0,1.0,Secret Factory,False,0.8,0.5981909547738694,0.19999999999999996,19.999999999999996,0.9999999999999998,0.7330771504581732,0.9999999999999998,0.7330771504581732,0.8665385752290865,0.8665385752290865,High,Low
Laffy Taffy,Atlantic,Standard Class,Secret Factory,4,9,17.91,11.16,6.75,5.0,Secret Factory,False,4.0,0.5981909547738694,1.0,20.0,1.0,0.7330771504581732,1.0,0.7330771504581732,0.8665385752290866,0.8665385752290866,High,Low
Laffy Taffy,Gulf,Standard Class,Secret Factory,2,11,21.89,13.64,8.25,5.0,Secret Factory,False,4.0,0.5981909547738694,1.0,20.0,1.0,0.7330771504581732,1.0,0.7330771504581732,0.8665385752290866,0.8665385752290866,High,Low
Laffy Taffy,Interior,First Class,Secret Factory,1,1,1.99,1.24,0.75,2.0,Secret Factory,False,1.6,0.5981909547738694,0.3999999999999999,19.999999999999996,0.9999999999999998,0.7330771504581732,0.9999999999999998,0.7330771504581732,0.8665385752290865,0.8665385752290865,High,Low
Laffy Taffy,Pacific,Standard Class,Secret Factory,1,1,1.99,1.24,0.75,5.0,Secret Factory,False,4.0,0.5981909547738694,1.0,20.0,1.0,0.7330771504581732,1.0,0.7330771504581732,0.8665385752290866,0.8665385752290866,High,Low
Lickable Wallpaper,Atlantic,First Class,Secret Factory,9,35,700.0,350.0,350.0,2.0,Secret Factory,False,1.6,0.48,0.3999999999999999,19.999999999999996,0.9999999999999998,0.588235294117647,0.9999999999999998,0.588235294117647,0.7941176470588234,0.7941176470588234,High,Low
Lickable Wallpaper,Atlantic,Same Day,Secret Factory,2,7,140.0,70.0,70.0,1.0,Secret Factory,False,0.8,0.48,0.19999999999999996,19.999999999999996,0.9999999999999998,0.588235294117647,0.9999999999999998,0.588235294117647,0.7941176470588234,0.7941176470588234,High,Low
Lickable Wallpaper,Atlantic,Second Class,Secret Factory,5,21,420.0,210.0,210.0,3.0,Secret Factory,False,2.4000000000000004,0.48,0.5999999999999996,19.999999999999986,0.9999999999999993,0.588235294117647,0.9999999999999993,0.588235294117647,0.7941176470588232,0.7941176470588232,High,Low
Lickable Wallpaper,Atlantic,Standard Class,Secret Factory,18,76,1520.0,760.0,760.0,5.0,Secret Factory,False,4.0,0.48,1.0,20.0,1.0,0.588235294117647,1.0,0.588235294117647,0.7941176470588235,0.7941176470588235,High,Low
Lickable Wallpaper,Gulf,First Class,Secret Factory,1,4,80.0,40.0,40.0,2.0,Secret Factory,False,1.6,0.48,0.3999999999999999,19.999999999999996,0.9999999999999998,0.588235294117647,0.9999999999999998,0.588235294117647,0.7941176470588234,0.7941176470588234,High,Low
Lickable Wallpaper,Gulf,Second Class,Secret Factory,3,9,180.0,90.0,90.0,3.0,Secret Factory,False,2.4000000000000004,0.48,0.5999999999999996,19.999999999999986,0.9999999999999993,0.588235294117647,0.9999999999999993,0.588235294117647,0.7941176470588232,0.7941176470588232,High,Low
Lickable Wallpaper,Gulf,Standard Class,Secret Factory,5,24,480.0,240.0,240.0,5.0,Secret Factory,False,4.0,0.48,1.0,20.0,1.0,0.588235294117647,1.0,0.588235294117647,0.7941176470588235,0.7941176470588235,High,Low
Lickable Wallpaper,Interior,First Class,Secret Factory,1,9,180.0,90.0,90.0,2.0,Secret Factory,False,1.6,0.48,0.3999999999999999,19.999999999999996,0.9999999999999998,0.588235294117647,0.9999999999999998,0.588235294117647,0.7941176470588234,0.7941176470588234,High,Low
Lickable Wallpaper,Interior,Same Day,Secret Factory,1,4,80.0,40.0,40.0,1.0,Secret Factory,False,0.8,0.48,0.19999999999999996,19.999999999999996,0.9999999999999998,0.588235294117647,0.9999999999999998,0.588235294117647,0.7941176470588234,0.7941176470588234,High,Low
Lickable Wallpaper,Interior,Second Class,Secret Factory,5,28,560.0,280.0,280.0,3.0,Secret Factory,False,2.4000000000000004,0.48,0.5999999999999996,19.999999999999986,0.9999999999999993,0.588235294117647,0.9999999999999993,0.588235294117647,0.7941176470588232,0.7941176470588232,High,Low
Lickable Wallpaper,Interior,Standard Class,Secret Factory,8,30,600.0,300.0,300.0,5.0,Secret Factory,False,4.0,0.48,1.0,20.0,1.0,0.588235294117647,1.0,0.588235294117647,0.7941176470588235,0.7941176470588235,High,Low
Lickable Wallpaper,Pacific,First Class,Secret Factory,8,31,620.0,310.0,310.0,2.0,Secret Factory,False,1.6,0.48,0.3999999999999999,19.999999999999996,0.9999999999999998,0.588235294117647,0.9999999999999998,0.588235294117647,0.7941176470588234,0.7941176470588234,High,Low
Lickable Wallpaper,Pacific,Same Day,Secret Factory,1,2,40.0,20.0,20.0,1.0,Secret Factory,False,0.8,0.48,0.19999999999999996,19.999999999999996,0.9999999999999998,0.588235294117647,0.9999999999999998,0.588235294117647,0.7941176470588234,0.7941176470588234,High,Low
Lickable Wallpaper,Pacific,Second Class,Secret Factory,6,30,600.0,300.0,300.0,3.0,Secret Factory,False,2.4000000000000004,0.48,0.5999999999999996,19.999999999999986,0.9999999999999993,0.588235294117647,0.9999999999999993,0.588235294117647,0.7941176470588232,0.7941176470588232,High,Low
Lickable Wallpaper,Pacific,Standard Class,Secret Factory,19,83,1660.0,830.0,830.0,5.0,Secret Factory,False,4.0,0.48,1.0,20.0,1.0,0.588235294117647,1.0,0.588235294117647,0.7941176470588235,0.7941176470588235,High,Low
Nerds,Atlantic,Standard Class,Secret Factory,4,10,15.0,7.0,8.0,5.0,Secret Factory,False,4.0,0.448,1.0,20.0,1.0,0.5490196078431372,1.0,0.5490196078431372,0.7745098039215685,0.7745098039215685,High,Low
SweeTARTS,Atlantic,Second Class,Secret Factory,1,5,7.5,3.5,4.0,3.0,Secret Factory,False,2.4000000000000004,0.448,0.5999999999999996,19.999999999999986,0.9999999999999993,0.5490196078431372,0.9999999999999993,0.5490196078431372,0.7745098039215683,0.7745098039215683,High,Low
SweeTARTS,Atlantic,Standard Class,Secret Factory,4,19,28.5,13.3,15.2,5.0,Secret Factory,False,4.0,0.448,1.0,20.0,1.0,0.5490196078431372,1.0,0.5490196078431372,0.7745098039215685,0.7745098039215685,High,Low
SweeTARTS,Interior,Second Class,Secret Factory,1,2,3.0,1.4,1.6,3.0,Secret Factory,False,2.4000000000000004,0.44799999999999995,0.5999999999999996,19.999999999999986,0.9999999999999993,0.5490196078431372,0.9999999999999993,0.5490196078431372,0.7745098039215683,0.7745098039215683,High,Low
SweeTARTS,Interior,Standard Class,Secret Factory,3,11,16.5,7.7,8.8,5.0,Secret Factory,False,4.0,0.448,1.0,20.0,1.0,0.5490196078431372,1.0,0.5490196078431372,0.7745098039215685,0.7745098039215685,High,Low
SweeTARTS,Pacific,Second Class,Secret Factory,1,4,6.0,2.8,3.2,3.0,Secret Factory,False,2.4000000000000004,0.44799999999999995,0.5999999999999996,19.999999999999986,0.9999999999999993,0.5490196078431372,0.9999999999999993,0.5490196078431372,0.7745098039215683,0.7745098039215683,High,Low
Wonka Bar - Fudge Mallows,Atlantic,First Class,Secret Factory,85,382,1375.2,916.8,458.4,2.0,Secret Factory,False,1.6,0.6399999999999999,0.3999999999999999,19.999999999999996,0.9999999999999998,0.784313725490196,0.9999999999999998,0.784313725490196,0.8921568627450979,0.8921568627450979,High,Low
Wonka Bar - Fudge Mallows,Atlantic,Same Day,Secret Factory,18,75,269.99999999999994,180.00000000000006,90.00000000000003,1.0,Secret Factory,False,0.8,0.6400000000000002,0.19999999999999996,19.999999999999996,0.9999999999999998,0.7843137254901963,0.9999999999999998,0.7843137254901963,0.892156862745098,0.892156862745098,High,Low
Wonka Bar - Fudge Mallows,Atlantic,Second Class,Secret Factory,82,359,1292.3999999999999,861.5999999999999,430.79999999999995,3.0,Secret Factory,False,2.4000000000000004,0.6399999999999999,0.5999999999999996,19.999999999999986,0.9999999999999993,0.784313725490196,0.9999999999999993,0.784313725490196,0.8921568627450976,0.8921568627450976,High,Low
Wonka Bar - Fudge Mallows,Atlantic,Standard Class,Secret Factory,270,1192,4291.200000000001,2860.7999999999997,1430.3999999999999,5.0,Secret Factory,False,4.0,0.6399999999999998,1.0,20.0,1.0,0.7843137254901957,1.0,0.7843137254901957,0.8921568627450979,0.8921568627450979,High,Low
Wonka Bar - Fudge Mallows,Gulf,First Class,Secret Factory,36,140,504.00000000000006,335.99999999999994,167.99999999999997,2.0,Secret Factory,False,1.6,0.6399999999999998,0.3999999999999999,19.999999999999996,0.9999999999999998,0.7843137254901957,0.9999999999999998,0.7843137254901957,0.8921568627450978,0.8921568627450978,High,Low
Wonka Bar - Fudge Mallows,Gulf,Same Day,Secret Factory,14,90,324.0,216.0,108.0,1.0,Secret Factory,False,0.8,0.6399999999999999,0.19999999999999996,19.999999999999996,0.9999999999999998,0.784313725490196,0.9999999999999998,0.784313725490196,0.8921568627450979,0.8921568627450979,High,Low
Wonka Bar - Fudge Mallows,Gulf,Second Class,Secret Factory,50,210,756.0,504.0,252.0,3.0,Secret Factory,False,2.4000000000000004,0.6399999999999999,0.5999999999999996,19.999999999999986,0.9999999999999993,0.784313725490196,0.9999999999999993,0.784313725490196,0.8921568627450976,0.8921568627450976,High,Low
Wonka Bar - Fudge Mallows,Gulf,Standard Class,Secret Factory,143,642,2311.2,1540.8,770.4,5.0,Secret Factory,False,4.0,0.64,1.0,20.0,1.0,0.7843137254901961,1.0,0.7843137254901961,0.892156862745098,0.892156862745098,High,Low
Wonka Bar - Fudge Mallows,Interior,First Class,Secret Factory,46,203,730.8,487.20000000000005,243.60000000000002,2.0,Secret Factory,False,1.6,0.64,0.3999999999999999,19.999999999999996,0.9999999999999998,0.7843137254901961,0.9999999999999998,0.7843137254901961,0.892156862745098,0.892156862745098,High,Low
Wonka Bar - Fudge Mallows,Interior,Same Day,Secret Factory,20,79,284.4,189.6,94.8,1.0,Secret Factory,False,0.8,0.64,0.19999999999999996,19.999999999999996,0.9999999999999998,0.7843137254901961,0.9999999999999998,0.7843137254901961,0.892156862745098,0.892156862745098,High,Low
Wonka Bar - Fudge Mallows,Interior,Second Class,Secret Factory,61,292,1051.2000000000003,700.8000000000001,350.40000000000003,3.0,Secret Factory,False,2.4000000000000004,0.6399999999999998,0.5999999999999996,19.999999999999986,0.9999999999999993,0.7843137254901957,0.9999999999999993,0.7843137254901957,0.8921568627450975,0.8921568627450975,High,Low
Wonka Bar - Fudge Mallows,Interior,Standard Class,Secret Factory,221,1021,3675.6000000000004,2450.4,1225.2,5.0,Secret Factory,False,4.0,0.6399999999999999,1.0,20.0,1.0,0.784313725490196,1.0,0.784313725490196,0.892156862745098,0.892156862745098,High,Low
Wonka Bar - Fudge Mallows,Pacific,First Class,Secret Factory,64,269,968.4000000000001,645.6000000000001,322.80000000000007,2.0,Secret Factory,False,1.6,0.64,0.3999999999999999,19.999999999999996,0.9999999999999998,0.7843137254901961,0.9999999999999998,0.7843137254901961,0.892156862745098,0.892156862745098,High,Low
Wonka Bar - Fudge Mallows,Pacific,Same Day,Secret Factory,28,113,406.8000000000001,271.2,135.6,1.0,Secret Factory,False,0.8,0.6399999999999997,0.19999999999999996,19.999999999999996,0.9999999999999998,0.7843137254901956,0.9999999999999998,0.7843137254901956,0.8921568627450978,0.8921568627450978,High,Low
Wonka Bar - Fudge Mallows,Pacific,Second Class,Secret Factory,103,480,1727.9999999999998,1152.0,576.0,3.0,Secret Factory,False,2.4000000000000004,0.64,0.5999999999999996,19.999999999999986,0.9999999999999993,0.7843137254901961,0.9999999999999993,0.7843137254901961,0.8921568627450978,0.8921568627450978,High,Low
Wonka Bar - Fudge Mallows,Pacific,Standard Class,Secret Factory,286,1367,4921.2,3280.8,1640.4,5.0,Secret Factory,False,4.0,0.64,1.0,20.0,1.0,0.7843137254901961,1.0,0.7843137254901961,0.892156862745098,0.892156862745098,High,Low
Wonka Bar - Milk Chocolate,Atlantic,First Class,Secret Factory,65,261,848.25,550.71,297.53999999999996,2.0,Secret Factory,False,1.6,0.6232615384615385,0.3999999999999999,19.999999999999996,0.9999999999999998,0.7638009049773756,0.9999999999999998,0.7638009049773756,0.8819004524886878,0.8819004524886878,High,Low
Wonka Bar - Milk Chocolate,Atlantic,Same Day,Secret Factory,30,153,497.25,322.83000000000004,174.41999999999996,1.0,Secret Factory,False,0.8,0.6232615384615385,0.19999999999999996,19.999999999999996,0.9999999999999998,0.7638009049773756,0.9999999999999998,0.7638009049773756,0.8819004524886878,0.8819004524886878,High,Low
Wonka Bar - Milk Chocolate,Atlantic,Second Class,Secret Factory,86,372,1209.0,784.92,424.0800000000001,3.0,Secret Factory,False,2.4000000000000004,0.6232615384615384,0.5999999999999996,19.999999999999986,0.9999999999999993,0.7638009049773755,0.9999999999999993,0.7638009049773755,0.8819004524886874,0.8819004524886874,High,Low
Wonka Bar - Milk Chocolate,Atlantic,Standard Class,Secret Factory,329,1550,5037.5,3270.5,1767.0000000000002,5.0,Secret Factory,False,4.0,0.6232615384615385,1.0,20.0,1.0,0.7638009049773756,1.0,0.7638009049773756,0.8819004524886878,0.8819004524886878,High,Low
Wonka Bar - Milk Chocolate,Gulf,First Class,Secret Factory,51,188,611.0,396.67999999999995,214.32,2.0,Secret Factory,False,1.6,0.6232615384615384,0.3999999999999999,19.999999999999996,0.9999999999999998,0.7638009049773755,0.9999999999999998,0.7638009049773755,0.8819004524886876,0.8819004524886876,High,Low
Wonka Bar - Milk Chocolate,Gulf,Same Day,Secret Factory,14,66,214.5,139.26000000000002,75.24000000000001,1.0,Secret Factory,False,0.8,0.6232615384615385,0.19999999999999996,19.999999999999996,0.9999999999999998,0.7638009049773756,0.9999999999999998,0.7638009049773756,0.8819004524886878,0.8819004524886878,High,Low
Wonka Bar - Milk Chocolate,Gulf,Second Class,Secret Factory,59,320,1040.0,675.2,364.79999999999995,3.0,Secret Factory,False,2.4000000000000004,0.6232615384615385,0.5999999999999996,19.999999999999986,0.9999999999999993,0.7638009049773756,0.9999999999999993,0.7638009049773756,0.8819004524886875,0.8819004524886875,High,Low
Wonka Bar - Milk Chocolate,Gulf,Standard Class,Secret Factory,157,782,2541.5,1650.0199999999998,891.48,5.0,Secret Factory,False,4.0,0.6232615384615384,1.0,20.0,1.0,0.7638009049773755,1.0,0.7638009049773755,0.8819004524886878,0.8819004524886878,High,Low
Wonka Bar - Milk Chocolate,Interior,First Class,Secret Factory,67,261,848.25,550.71,297.54,2.0,Secret Factory,False,1.6,0.6232615384615385,0.3999999999999999,19.999999999999996,0.9999999999999998,0.7638009049773756,0.9999999999999998,0.7638009049773756,0.8819004524886878,0.8819004524886878,High,Low
Wonka Bar - Milk Chocolate,Interior,Same Day,Secret Factory,21,78,253.5,164.57999999999998,88.91999999999999,1.0,Secret Factory,False,0.8,0.6232615384615384,0.19999999999999996,19.999999999999996,0.9999999999999998,0.7638009049773755,0.9999999999999998,0.7638009049773755,0.8819004524886876,0.8819004524886876,High,Low
Wonka Bar - Milk Chocolate,Interior,Second Class,Secret Factory,79,379,1231.75,799.6899999999998,432.06000000000006,3.0,Secret Factory,False,2.4000000000000004,0.6232615384615383,0.5999999999999996,19.999999999999986,0.9999999999999993,0.7638009049773753,0.9999999999999993,0.7638009049773753,0.8819004524886873,0.8819004524886873,High,Low
Wonka Bar - Milk Chocolate,Interior,Standard Class,Secret Factory,258,1151,3740.75,2428.6099999999997,1312.1399999999999,5.0,Secret Factory,False,4.0,0.6232615384615384,1.0,20.0,1.0,0.7638009049773755,1.0,0.7638009049773755,0.8819004524886878,0.8819004524886878,High,Low
Wonka Bar - Milk Chocolate,Pacific,First Class,Secret Factory,78,375,1218.75,791.2499999999999,427.49999999999994,2.0,Secret Factory,False,1.6,0.6232615384615384,0.3999999999999999,19.999999999999996,0.9999999999999998,0.7638009049773755,0.9999999999999998,0.7638009049773755,0.8819004524886876,0.8819004524886876,High,Low
Wonka Bar - Milk Chocolate,Pacific,Same Day,Secret Factory,25,109,354.25,229.99000000000004,124.26,1.0,Secret Factory,False,0.8,0.6232615384615386,0.19999999999999996,19.999999999999996,0.9999999999999998,0.7638009049773757,0.9999999999999998,0.7638009049773757,0.8819004524886878,0.8819004524886878,High,Low
Wonka Bar - Milk Chocolate,Pacific,Second Class,Secret Factory,108,549,1784.25,1158.39,625.8599999999999,3.0,Secret Factory,False,2.4000000000000004,0.6232615384615385,0.5999999999999996,19.999999999999986,0.9999999999999993,0.7638009049773756,0.9999999999999993,0.7638009049773756,0.8819004524886875,0.8819004524886875,High,Low
Wonka Bar - Milk Chocolate,Pacific,Standard Class,Secret Factory,341,1673,5437.25,3530.0299999999993,1907.22,5.0,Secret Factory,False,4.0,0.6232615384615383,1.0,20.0,1.0,0.7638009049773753,1.0,0.7638009049773753,0.8819004524886876,0.8819004524886876,High,Low
Wonka Bar - Nutty Crunch Surprise,Atlantic,First Class,Secret Factory,65,345,1204.0500000000002,859.0500000000001,345.0,2.0,Secret Factory,False,1.6,0.6849283667621775,0.3999999999999999,19.999999999999996,0.9999999999999998,0.8393729984830606,0.9999999999999998,0.8393729984830606,0.9196864992415301,0.9196864992415301,High,Low
Wonka Bar - Nutty Crunch Surprise,Atlantic,Same Day,Secret Factory,23,109,380.41,271.41,109.0,1.0,Secret Factory,False,0.8,0.6849283667621776,0.19999999999999996,19.999999999999996,0.9999999999999998,0.8393729984830607,0.9999999999999998,0.8393729984830607,0.9196864992415302,0.9196864992415302,High,Low
Wonka Bar - Nutty Crunch Surprise,Atlantic,Second Class,Secret Factory,79,355,1238.9500000000003,883.9500000000002,355.0,3.0,Secret Factory,False,2.4000000000000004,0.6849283667621776,0.5999999999999996,19.999999999999986,0.9999999999999993,0.8393729984830607,0.9999999999999993,0.8393729984830607,0.91968649924153,0.91968649924153,High,Low
Wonka Bar - Nutty Crunch Surprise,Atlantic,Standard Class,Secret Factory,243,1048,3657.5200000000004,2609.5200000000004,1048.0,5.0,Secret Factory,False,4.0,0.6849283667621776,1.0,20.0,1.0,0.8393729984830607,1.0,0.8393729984830607,0.9196864992415303,0.9196864992415303,High,Low
Wonka Bar - Nutty Crunch Surprise,Gulf,First Class,Secret Factory,34,133,464.16999999999996,331.17,133.0,2.0,Secret Factory,False,1.6,0.6849283667621777,0.3999999999999999,19.999999999999996,0.9999999999999998,0.8393729984830609,0.9999999999999998,0.8393729984830609,0.9196864992415303,0.9196864992415303,High,Low
Wonka Bar - Nutty Crunch Surprise,Gulf,Same Day,Secret Factory,12,68,237.32,169.32,68.0,1.0,Secret Factory,False,0.8,0.6849283667621776,0.19999999999999996,19.999999999999996,0.9999999999999998,0.8393729984830607,0.9999999999999998,0.8393729984830607,0.9196864992415302,0.9196864992415302,High,Low
Wonka Bar - Nutty Crunch Surprise,Gulf,Second Class,Secret Factory,52,238,830.6200000000001,592.6200000000001,238.0,3.0,Secret Factory,False,2.4000000000000004,0.6849283667621776,0.5999999999999996,19.999999999999986,0.9999999999999993,0.8393729984830607,0.9999999999999993,0.8393729984830607,0.91968649924153,0.91968649924153,High,Low
Wonka Bar - Nutty Crunch Surprise,Gulf,Standard Class,Secret Factory,153,649,2265.01,1616.0100000000002,649.0,5.0,Secret Factory,False,4.0,0.6849283667621776,1.0,20.0,1.0,0.8393729984830607,1.0,0.8393729984830607,0.9196864992415303,0.9196864992415303,High,Low
Wonka Bar - Nutty Crunch Surprise,Interior,First Class,Secret Factory,54,207,722.4300000000002,515.4300000000001,207.0,2.0,Secret Factory,False,1.6,0.6849283667621775,0.3999999999999999,19.999999999999996,0.9999999999999998,0.8393729984830606,0.9999999999999998,0.8393729984830606,0.9196864992415301,0.9196864992415301,High,Low
Wonka Bar - Nutty Crunch Surprise,Interior,Same Day,Secret Factory,17,76,265.24,189.23999999999998,76.0,1.0,Secret Factory,False,0.8,0.6849283667621775,0.19999999999999996,19.999999999999996,0.9999999999999998,0.8393729984830606,0.9999999999999998,0.8393729984830606,0.9196864992415301,0.9196864992415301,High,Low
Wonka Bar - Nutty Crunch Surprise,Interior,Second Class,Secret Factory,87,408,1423.92,1015.9200000000001,408.0,3.0,Secret Factory,False,2.4000000000000004,0.6849283667621776,0.5999999999999996,19.999999999999986,0.9999999999999993,0.8393729984830607,0.9999999999999993,0.8393729984830607,0.91968649924153,0.91968649924153,High,Low
Wonka Bar - Nutty Crunch Surprise,Interior,Standard Class,Secret Factory,227,1003,3500.4700000000003,2497.4700000000003,1003.0,5.0,Secret Factory,False,4.0,0.6849283667621776,1.0,20.0,1.0,0.8393729984830607,1.0,0.8393729984830607,0.9196864992415303,0.9196864992415303,High,Low
Wonka Bar - Nutty Crunch Surprise,Pacific,First Class,Secret Factory,93,374,1305.26,931.26,374.0,2.0,Secret Factory,False,1.6,0.6849283667621776,0.3999999999999999,19.999999999999996,0.9999999999999998,0.8393729984830607,0.9999999999999998,0.8393729984830607,0.9196864992415302,0.9196864992415302,High,Low
Wonka Bar - Nutty Crunch Surprise,Pacific,Same Day,Secret Factory,25,101,352.4900000000001,251.48999999999998,101.0,1.0,Secret Factory,False,0.8,0.6849283667621773,0.19999999999999996,19.999999999999996,0.9999999999999998,0.8393729984830604,0.9999999999999998,0.8393729984830604,0.9196864992415301,0.9196864992415301,High,Low
Wonka Bar - Nutty Crunch Surprise,Pacific,Second Class,Secret Factory,81,317,1106.3300000000002,789.3300000000002,317.0,3.0,Secret Factory,False,2.4000000000000004,0.6849283667621776,0.5999999999999996,19.999999999999986,0.9999999999999993,0.8393729984830607,0.9999999999999993,0.8393729984830607,0.91968649924153,0.91968649924153,High,Low
Wonka Bar - Nutty Crunch Surprise,Pacific,Standard Class,Secret Factory,284,1324,4620.76,3296.76,1324.0,5.0,Secret Factory,False,4.0,0.6849283667621776,1.0,20.0,1.0,0.8393729984830607,1.0,0.8393729984830607,0.9196864992415303,0.9196864992415303,High,Low
Wonka Bar - Triple Dazzle Caramel,Atlantic,First Class,Secret Factory,75,323,1211.25,791.3499999999999,419.90000000000003,2.0,Secret Factory,False,1.6,0.6271999999999999,0.3999999999999999,19.999999999999996,0.9999999999999998,0.768627450980392,0.9999999999999998,0.768627450980392,0.8843137254901958,0.8843137254901958,High,Low
Wonka Bar - Triple Dazzle Caramel,Atlantic,Same Day,Secret Factory,22,107,401.25,262.15,139.10000000000002,1.0,Secret Factory,False,0.8,0.6272,0.19999999999999996,19.999999999999996,0.9999999999999998,0.7686274509803921,0.9999999999999998,0.7686274509803921,0.8843137254901959,0.8843137254901959,High,Low
Wonka Bar - Triple Dazzle Caramel,Atlantic,Second Class,Secret Factory,96,484,1815.0,1185.8,629.1999999999999,3.0,Secret Factory,False,2.4000000000000004,0.6272,0.5999999999999996,19.999999999999986,0.9999999999999993,0.7686274509803921,0.9999999999999993,0.7686274509803921,0.8843137254901957,0.8843137254901957,High,Low
Wonka Bar - Triple Dazzle Caramel,Atlantic,Standard Class,Secret Factory,270,1172,4395.0,2871.3999999999996,1523.6,5.0,Secret Factory,False,4.0,0.6271999999999999,1.0,20.0,1.0,0.768627450980392,1.0,0.768627450980392,0.884313725490196,0.884313725490196,High,Low
Wonka Bar - Triple Dazzle Caramel,Gulf,First Class,Secret Factory,36,152,570.0,372.4,197.6,2.0,Secret Factory,False,1.6,0.6272,0.3999999999999999,19.999999999999996,0.9999999999999998,0.7686274509803921,0.9999999999999998,0.7686274509803921,0.8843137254901959,0.8843137254901959,High,Low
Wonka Bar - Triple Dazzle Caramel,Gulf,Same Day,Secret Factory,12,44,165.0,107.79999999999998,57.2,1.0,Secret Factory,False,0.8,0.6271999999999999,0.19999999999999996,19.999999999999996,0.9999999999999998,0.768627450980392,0.9999999999999998,0.768627450980392,0.8843137254901958,0.8843137254901958,High,Low
Wonka Bar - Triple Dazzle Caramel,Gulf,Second Class,Secret Factory,52,242,907.5,592.9000000000001,314.6,3.0,Secret Factory,False,2.4000000000000004,0.6272000000000001,0.5999999999999996,19.999999999999986,0.9999999999999993,0.7686274509803922,0.9999999999999993,0.7686274509803922,0.8843137254901958,0.8843137254901958,High,Low
Wonka Bar - Triple Dazzle Caramel,Gulf,Standard Class,Secret Factory,166,785,2943.75,1923.25,1020.5,5.0,Secret Factory,False,4.0,0.6272,1.0,20.0,1.0,0.7686274509803921,1.0,0.7686274509803921,0.884313725490196,0.884313725490196,High,Low
Wonka Bar - Triple Dazzle Caramel,Interior,First Class,Secret Factory,44,201,753.75,492.45,261.3,2.0,Secret Factory,False,1.6,0.6272,0.3999999999999999,19.999999999999996,0.9999999999999998,0.7686274509803921,0.9999999999999998,0.7686274509803921,0.8843137254901959,0.8843137254901959,High,Low
Wonka Bar - Triple Dazzle Caramel,Interior,Same Day,Secret Factory,23,89,333.75,218.04999999999998,115.69999999999999,1.0,Secret Factory,False,0.8,0.6272,0.19999999999999996,19.999999999999996,0.9999999999999998,0.7686274509803921,0.9999999999999998,0.7686274509803921,0.8843137254901959,0.8843137254901959,High,Low
Wonka Bar - Triple Dazzle Caramel,Interior,Second Class,Secret Factory,66,325,1218.75,796.25,422.49999999999994,3.0,Secret Factory,False,2.4000000000000004,0.6272,0.5999999999999996,19.999999999999986,0.9999999999999993,0.7686274509803921,0.9999999999999993,0.7686274509803921,0.8843137254901957,0.8843137254901957,High,Low
Wonka Bar - Triple Dazzle Caramel,Interior,Standard Class,Secret Factory,244,1077,4038.75,2638.65,1400.1,5.0,Secret Factory,False,4.0,0.6272,1.0,20.0,1.0,0.7686274509803921,1.0,0.7686274509803921,0.884313725490196,0.884313725490196,High,Low
Wonka Bar - Triple Dazzle Caramel,Pacific,First Class,Secret Factory,83,370,1387.5,906.5,481.0,2.0,Secret Factory,False,1.6,0.6272,0.3999999999999999,19.999999999999996,0.9999999999999998,0.7686274509803921,0.9999999999999998,0.7686274509803921,0.8843137254901959,0.8843137254901959,High,Low
Wonka Bar - Triple Dazzle Caramel,Pacific,Same Day,Secret Factory,36,185,693.75,453.25,240.50000000000003,1.0,Secret Factory,False,0.8,0.6272,0.19999999999999996,19.999999999999996,0.9999999999999998,0.7686274509803921,0.9999999999999998,0.7686274509803921,0.8843137254901959,0.8843137254901959,High,Low
Wonka Bar - Triple Dazzle Caramel,Pacific,Second Class,Secret Factory,107,460,1725.0,1126.9999999999998,598.0,3.0,Secret Factory,False,2.4000000000000004,0.6271999999999999,0.5999999999999996,19.999999999999986,0.9999999999999993,0.768627450980392,0.9999999999999993,0.768627450980392,0.8843137254901956,0.8843137254901956,High,Low
Wonka Bar - Triple Dazzle Caramel,Pacific,Standard Class,Secret Factory,345,1580,5925.0,3870.9999999999995,2054.0,5.0,Secret Factory,False,4.0,0.6271999999999999,1.0,20.0,1.0,0.768627450980392,1.0,0.768627450980392,0.884313725490196,0.884313725490196,High,Low
Wonka Bar -Scrumdiddlyumptious,Atlantic,First Class,Secret Factory,93,415,1494.0,1037.5,456.5,2.0,Secret Factory,False,1.6,0.6666666666666666,0.3999999999999999,19.999999999999996,0.9999999999999998,0.8169934640522875,0.9999999999999998,0.8169934640522875,0.9084967320261437,0.9084967320261437,High,Low
Wonka Bar -Scrumdiddlyumptious,Atlantic,Same Day,Secret Factory,27,120,432.00000000000006,300.0,132.00000000000003,1.0,Secret Factory,False,0.8,0.6666666666666665,0.19999999999999996,19.999999999999996,0.9999999999999998,0.8169934640522873,0.9999999999999998,0.8169934640522873,0.9084967320261436,0.9084967320261436,High,Low
Wonka Bar -Scrumdiddlyumptious,Atlantic,Second Class,Secret Factory,96,435,1566.0,1087.5,478.5,3.0,Secret Factory,False,2.4000000000000004,0.6666666666666666,0.5999999999999996,19.999999999999986,0.9999999999999993,0.8169934640522875,0.9999999999999993,0.8169934640522875,0.9084967320261434,0.9084967320261434,High,Low
Wonka Bar -Scrumdiddlyumptious,Atlantic,Standard Class,Secret Factory,297,1379,4964.4,3447.5,1516.9,5.0,Secret Factory,False,4.0,0.6666666666666667,1.0,20.0,1.0,0.8169934640522876,1.0,0.8169934640522876,0.9084967320261438,0.9084967320261438,High,Low
Wonka Bar -Scrumdiddlyumptious,Gulf,First Class,Secret Factory,35,177,637.2,442.5,194.70000000000002,2.0,Secret Factory,False,1.6,0.6666666666666666,0.3999999999999999,19.999999999999996,0.9999999999999998,0.8169934640522875,0.9999999999999998,0.8169934640522875,0.9084967320261437,0.9084967320261437,High,Low
Wonka Bar -Scrumdiddlyumptious,Gulf,Same Day,Secret Factory,9,41,147.6,102.5,45.1,1.0,Secret Factory,False,0.8,0.6666666666666666,0.19999999999999996,19.999999999999996,0.9999999999999998,0.8169934640522875,0.9999999999999998,0.8169934640522875,0.9084967320261437,0.9084967320261437,High,Low
Wonka Bar -Scrumdiddlyumptious,Gulf,Second Class,Secret Factory,48,230,827.9999999999999,575.0,253.00000000000003,3.0,Secret Factory,False,2.4000000000000004,0.6666666666666667,0.5999999999999996,19.999999999999986,0.9999999999999993,0.8169934640522876,0.9999999999999993,0.8169934640522876,0.9084967320261434,0.9084967320261434,High,Low
Wonka Bar -Scrumdiddlyumptious,Gulf,Standard Class,Secret Factory,159,755,2718.0,1887.5,830.5,5.0,Secret Factory,False,4.0,0.6666666666666666,1.0,20.0,1.0,0.8169934640522875,1.0,0.8169934640522875,0.9084967320261437,0.9084967320261437,High,Low
Wonka Bar -Scrumdiddlyumptious,Interior,First Class,Secret Factory,48,235,846.0,587.5,258.5,2.0,Secret Factory,False,1.6,0.6666666666666666,0.3999999999999999,19.999999999999996,0.9999999999999998,0.8169934640522875,0.9999999999999998,0.8169934640522875,0.9084967320261437,0.9084967320261437,High,Low
Wonka Bar -Scrumdiddlyumptious,Interior,Same Day,Secret Factory,14,57,205.20000000000002,142.5,62.699999999999996,1.0,Secret Factory,False,0.8,0.6666666666666666,0.19999999999999996,19.999999999999996,0.9999999999999998,0.8169934640522875,0.9999999999999998,0.8169934640522875,0.9084967320261437,0.9084967320261437,High,Low
Wonka Bar -Scrumdiddlyumptious,Interior,Second Class,Secret Factory,72,335,1206.0,837.5,368.50000000000006,3.0,Secret Factory,False,2.4000000000000004,0.6666666666666666,0.5999999999999996,19.999999999999986,0.9999999999999993,0.8169934640522875,0.9999999999999993,0.8169934640522875,0.9084967320261434,0.9084967320261434,High,Low
Wonka Bar -Scrumdiddlyumptious,Interior,Standard Class,Secret Factory,246,1096,3945.6,2740.0,1205.6,5.0,Secret Factory,False,4.0,0.6666666666666666,1.0,20.0,1.0,0.8169934640522875,1.0,0.8169934640522875,0.9084967320261437,0.9084967320261437,High,Low
Wonka Bar -Scrumdiddlyumptious,Pacific,First Class,Secret Factory,92,444,1598.3999999999999,1110.0,488.4000000000001,2.0,Secret Factory,False,1.6,0.6666666666666667,0.3999999999999999,19.999999999999996,0.9999999999999998,0.8169934640522876,0.9999999999999998,0.8169934640522876,0.9084967320261437,0.9084967320261437,High,Low
Wonka Bar -Scrumdiddlyumptious,Pacific,Same Day,Secret Factory,33,140,504.0,350.0,153.99999999999997,1.0,Secret Factory,False,0.8,0.6666666666666666,0.19999999999999996,19.999999999999996,0.9999999999999998,0.8169934640522875,0.9999999999999998,0.8169934640522875,0.9084967320261437,0.9084967320261437,High,Low
Wonka Bar -Scrumdiddlyumptious,Pacific,Second Class,Secret Factory,121,488,1756.8000000000002,1220.0,536.8,3.0,Secret Factory,False,2.4000000000000004,0.6666666666666666,0.5999999999999996,19.999999999999986,0.9999999999999993,0.8169934640522875,0.9999999999999993,0.8169934640522875,0.9084967320261434,0.9084967320261434,High,Low
Wonka Bar -Scrumdiddlyumptious,Pacific,Standard Class,Secret Factory,314,1396,5025.599999999999,3490.0,1535.6000000000001,5.0,Secret Factory,False,4.0,0.6666666666666667,1.0,20.0,1.0,0.8169934640522876,1.0,0.8169934640522876,0.9084967320261438,0.9084967320261438,High,Low
Wonka Gum,Atlantic,First Class,Secret Factory,8,38,47.5,24.7,22.8,2.0,Secret Factory,False,1.6,0.4992,0.3999999999999999,19.999999999999996,0.9999999999999998,0.6117647058823529,0.9999999999999998,0.6117647058823529,0.8058823529411763,0.8058823529411763,High,Low
Wonka Gum,Atlantic,Same Day,Secret Factory,1,7,8.75,4.55,4.2,1.0,Secret Factory,False,0.8,0.4992,0.19999999999999996,19.999999999999996,0.9999999999999998,0.6117647058823529,0.9999999999999998,0.6117647058823529,0.8058823529411763,0.8058823529411763,High,Low
Wonka Gum,Atlantic,Second Class,Secret Factory,3,9,11.25,5.85,5.4,3.0,Secret Factory,False,2.4000000000000004,0.4992,0.5999999999999996,19.999999999999986,0.9999999999999993,0.6117647058823529,0.9999999999999993,0.6117647058823529,0.805882352941176,0.805882352941176,High,Low
Wonka Gum,Atlantic,Standard Class,Secret Factory,24,115,143.75,74.75,69.0,5.0,Secret Factory,False,4.0,0.4992,1.0,20.0,1.0,0.6117647058823529,1.0,0.6117647058823529,0.8058823529411765,0.8058823529411765,High,Low
Wonka Gum,Gulf,First Class,Secret Factory,4,23,28.75,14.95,13.8,2.0,Secret Factory,False,1.6,0.4992,0.3999999999999999,19.999999999999996,0.9999999999999998,0.6117647058823529,0.9999999999999998,0.6117647058823529,0.8058823529411763,0.8058823529411763,High,Low
Wonka Gum,Gulf,Same Day,Secret Factory,1,4,5.0,2.6,2.4,1.0,Secret Factory,False,0.8,0.4992,0.19999999999999996,19.999999999999996,0.9999999999999998,0.6117647058823529,0.9999999999999998,0.6117647058823529,0.8058823529411763,0.8058823529411763,High,Low
Wonka Gum,Gulf,Second Class,Secret Factory,8,36,45.0,23.400000000000002,21.599999999999998,3.0,Secret Factory,False,2.4000000000000004,0.4992,0.5999999999999996,19.999999999999986,0.9999999999999993,0.6117647058823529,0.9999999999999993,0.6117647058823529,0.805882352941176,0.805882352941176,High,Low
Wonka Gum,Gulf,Standard Class,Secret Factory,12,57,71.25,37.05,34.2,5.0,Secret Factory,False,4.0,0.49919999999999987,1.0,20.0,1.0,0.6117647058823528,1.0,0.6117647058823528,0.8058823529411764,0.8058823529411764,High,Low
Wonka Gum,Interior,First Class,Secret Factory,9,38,47.5,24.7,22.8,2.0,Secret Factory,False,1.6,0.4992,0.3999999999999999,19.999999999999996,0.9999999999999998,0.6117647058823529,0.9999999999999998,0.6117647058823529,0.8058823529411763,0.8058823529411763,High,Low
Wonka Gum,Interior,Same Day,Secret Factory,2,9,11.25,5.85,5.4,1.0,Secret Factory,False,0.8,0.4992,0.19999999999999996,19.999999999999996,0.9999999999999998,0.6117647058823529,0.9999999999999998,0.6117647058823529,0.8058823529411763,0.8058823529411763,High,Low
Wonka Gum,Interior,Second Class,Secret Factory,4,17,21.25,11.05,10.2,3.0,Secret Factory,False,2.4000000000000004,0.4992,0.5999999999999996,19.999999999999986,0.9999999999999993,0.6117647058823529,0.9999999999999993,0.6117647058823529,0.805882352941176,0.805882352941176,High,Low
Wonka Gum,Interior,Standard Class,Secret Factory,14,48,60.0,31.2,28.8,5.0,Secret Factory,False,4.0,0.4992,1.0,20.0,1.0,0.6117647058823529,1.0,0.6117647058823529,0.8058823529411765,0.8058823529411765,High,Low
Wonka Gum,Pacific,First Class,Secret Factory,6,13,16.25,8.450000000000001,7.8,2.0,Secret Factory,False,1.6,0.4992,0.3999999999999999,19.999999999999996,0.9999999999999998,0.6117647058823529,0.9999999999999998,0.6117647058823529,0.8058823529411763,0.8058823529411763,High,Low
Wonka Gum,Pacific,Same Day,Secret Factory,3,14,17.5,9.1,8.4,1.0,Secret Factory,False,0.8,0.4992,0.19999999999999996,19.999999999999996,0.9999999999999998,0.6117647058823529,0.9999999999999998,0.6117647058823529,0.8058823529411763,0.8058823529411763,High,Low
Wonka Gum,Pacific,Second Class,Secret Factory,8,25,31.25,16.25,15.0,3.0,Secret Factory,False,2.4000000000000004,0.4992,0.5999999999999996,19.999999999999986,0.9999999999999993,0.6117647058823529,0.9999999999999993,0.6117647058823529,0.805882352941176,0.805882352941176,High,Low
Wonka Gum,Pacific,Standard Class,Secret Factory,11,25,31.25,16.25,15.0,5.0,Secret Factory,False,4.0,0.4992,1.0,20.0,1.0,0.6117647058823529,1.0,0.6117647058823529,0.8058823529411765,0.8058823529411765,High,Low
